{"rows":161,"cols":40,"grid":[{"loc":[27,8],"name":"fire"},{"loc":[27,9],"name":"fire"},{"loc":[27,10],"name":"plant"},{"loc":[27,11],"name":"plant"},{"loc":[27,12],"name":"plant"},{"loc":[27,13],"name":"plant"},{"loc":[27,14],"name":"plant"},{"loc":[27,15],"name":"plant"},{"loc":[28,7],"name":"fire"},{"loc":[28,10],"name":"plant"},{"loc":[28,11],"name":"plant"},{"loc":[28,12],"name":"plant"},{"loc":[28,13],"name":"plant"},{"loc":[28,14],"name":"plant"},{"loc":[28,15],"name":"plant"},{"loc":[28,16],"name":"plant"},{"loc":[28,17],"name":"plant"},{"loc":[28,18],"name":"plant"},{"loc":[29,6],"name":"plant"},{"loc":[29,7],"name":"plant"},{"loc":[29,8],"name":"fire"},{"loc":[29,9],"name":"plant"},{"loc":[29,11],"name":"plant"},{"loc":[29,12],"name":"plant"},{"loc":[29,13],"name":"plant"},{"loc":[29,14],"name":"fire"},{"loc":[29,15],"name":"plant"},{"loc":[29,16],"name":"plant"},{"loc":[29,17],"name":"plant"},{"loc":[29,18],"name":"plant"},{"loc":[30,5],"name":"plant"},{"loc":[30,6],"name":"fire"},{"loc":[30,8],"name":"fire"},{"loc":[30,9],"name":"fire"},{"loc":[30,10],"name":"fire"},{"loc":[30,11],"name":"plant"},{"loc":[30,12],"name":"fire"},{"loc":[30,13],"name":"fire"},{"loc":[30,14],"name":"plant"},{"loc":[30,16],"name":"fire"},{"loc":[30,17],"name":"plant"},{"loc":[30,18],"name":"plant"},{"loc":[30,19],"name":"plant"},{"loc":[31,5],"name":"plant"},{"loc":[31,6],"name":"fire"},{"loc":[31,13],"name":"plant"},{"loc":[31,16],"name":"fire"},{"loc":[31,17],"name":"fire"},{"loc":[31,18],"name":"plant"},{"loc":[31,19],"name":"plant"},{"loc":[32,4],"name":"plant"},{"loc":[32,5],"name":"fire"},{"loc":[32,7],"name":"fire"},{"loc":[32,11],"name":"fire"},{"loc":[32,12],"name":"fire"},{"loc":[32,13],"name":"fire"},{"loc":[32,14],"name":"fire"},{"loc":[32,16],"name":"fire"},{"loc":[32,18],"name":"plant"},{"loc":[32,19],"name":"plant"},{"loc":[32,20],"name":"fire"},{"loc":[33,4],"name":"plant"},{"loc":[33,5],"name":"fire"},{"loc":[33,6],"name":"fire"},{"loc":[33,7],"name":"fire"},{"loc":[33,9],"name":"fire"},{"loc":[33,10],"name":"fire"},{"loc":[33,14],"name":"fire"},{"loc":[33,16],"name":"fire"},{"loc":[33,18],"name":"plant"},{"loc":[33,20],"name":"plant"},{"loc":[34,8],"name":"fire"},{"loc":[34,10],"name":"fire"},{"loc":[34,11],"name":"fire"},{"loc":[34,13],"name":"fire"},{"loc":[34,17],"name":"fire"},{"loc":[34,18],"name":"fire"},{"loc":[34,20],"name":"plant"},{"loc":[35,1],"name":"fire"},{"loc":[35,2],"name":"fire"},{"loc":[35,3],"name":"fire"},{"loc":[35,4],"name":"fire"},{"loc":[35,6],"name":"fire"},{"loc":[35,9],"name":"fire"},{"loc":[35,11],"name":"fire"},{"loc":[35,13],"name":"fire"},{"loc":[35,15],"name":"fire"},{"loc":[35,19],"name":"plant"},{"loc":[35,20],"name":"plant"},{"loc":[36,5],"name":"fire"},{"loc":[36,8],"name":"fire"},{"loc":[36,10],"name":"fire"},{"loc":[36,16],"name":"fire"},{"loc":[36,19],"name":"plant"},{"loc":[36,21],"name":"plant"},{"loc":[37,4],"name":"fire"},{"loc":[37,5],"name":"fire"},{"loc":[37,8],"name":"fire"},{"loc":[37,17],"name":"fire"},{"loc":[37,18],"name":"plant"},{"loc":[38,8],"name":"fire"},{"loc":[38,13],"name":"fire"},{"loc":[38,17],"name":"fire"},{"loc":[38,22],"name":"fire"},{"loc":[39,0],"name":"fire"},{"loc":[39,2],"name":"fire"},{"loc":[39,6],"name":"fire"},{"loc":[39,14],"name":"fire"},{"loc":[39,16],"name":"fire"},{"loc":[39,17],"name":"fire"},{"loc":[39,19],"name":"fire"},{"loc":[40,9],"name":"fire"},{"loc":[40,11],"name":"fire"},{"loc":[40,13],"name":"fire"},{"loc":[41,4],"name":"fire"},{"loc":[41,7],"name":"fire"},{"loc":[41,17],"name":"fire"},{"loc":[41,19],"name":"fire"},{"loc":[41,39],"name":"sand"},{"loc":[42,9],"name":"fire"},{"loc":[42,10],"name":"fire"},{"loc":[42,13],"name":"fire"},{"loc":[42,20],"name":"fire"},{"loc":[42,39],"name":"sand"},{"loc":[43,6],"name":"fire"},{"loc":[43,9],"name":"fire"},{"loc":[43,12],"name":"fire"},{"loc":[43,15],"name":"fire"},{"loc":[43,18],"name":"fire"},{"loc":[43,38],"name":"sand"},{"loc":[43,39],"name":"sand"},{"loc":[44,37],"name":"sand"},{"loc":[44,38],"name":"sand"},{"loc":[44,39],"name":"sand"},{"loc":[45,13],"name":"fire"},{"loc":[45,36],"name":"sand"},{"loc":[45,37],"name":"sand"},{"loc":[45,38],"name":"sand"},{"loc":[45,39],"name":"sand"},{"loc":[46,16],"name":"fire"},{"loc":[46,18],"name":"fire"},{"loc":[46,35],"name":"sand"},{"loc":[46,36],"name":"sand"},{"loc":[46,37],"name":"sand"},{"loc":[46,38],"name":"sand"},{"loc":[46,39],"name":"sand"},{"loc":[47,0],"name":"fire"},{"loc":[47,3],"name":"fire"},{"loc":[47,11],"name":"fire"},{"loc":[47,35],"name":"sand"},{"loc":[47,36],"name":"sand"},{"loc":[47,37],"name":"sand"},{"loc":[47,38],"name":"sand"},{"loc":[47,39],"name":"sand"},{"loc":[48,11],"name":"fire"},{"loc":[48,12],"name":"fire"},{"loc":[48,34],"name":"sand"},{"loc":[48,35],"name":"sand"},{"loc":[48,36],"name":"sand"},{"loc":[48,37],"name":"sand"},{"loc":[48,38],"name":"sand"},{"loc":[48,39],"name":"sand"},{"loc":[49,8],"name":"fire"},{"loc":[49,11],"name":"fire"},{"loc":[49,19],"name":"fire"},{"loc":[49,33],"name":"sand"},{"loc":[49,34],"name":"sand"},{"loc":[49,35],"name":"sand"},{"loc":[49,36],"name":"sand"},{"loc":[49,37],"name":"sand"},{"loc":[49,38],"name":"sand"},{"loc":[49,39],"name":"sand"},{"loc":[50,33],"name":"sand"},{"loc":[50,34],"name":"sand"},{"loc":[50,35],"name":"sand"},{"loc":[50,36],"name":"sand"},{"loc":[50,37],"name":"sand"},{"loc":[50,38],"name":"sand"},{"loc":[50,39],"name":"sand"},{"loc":[51,32],"name":"sand"},{"loc":[51,33],"name":"sand"},{"loc":[51,34],"name":"sand"},{"loc":[51,35],"name":"sand"},{"loc":[51,36],"name":"sand"},{"loc":[51,37],"name":"sand"},{"loc":[51,38],"name":"sand"},{"loc":[51,39],"name":"sand"},{"loc":[52,4],"name":"fire"},{"loc":[52,15],"name":"fire"},{"loc":[52,18],"name":"fire"},{"loc":[52,31],"name":"sand"},{"loc":[52,32],"name":"sand"},{"loc":[52,33],"name":"sand"},{"loc":[52,34],"name":"sand"},{"loc":[52,35],"name":"sand"},{"loc":[52,36],"name":"sand"},{"loc":[52,37],"name":"sand"},{"loc":[52,38],"name":"sand"},{"loc":[52,39],"name":"sand"},{"loc":[53,31],"name":"sand"},{"loc":[53,32],"name":"sand"},{"loc":[53,33],"name":"sand"},{"loc":[53,34],"name":"sand"},{"loc":[53,35],"name":"sand"},{"loc":[53,36],"name":"sand"},{"loc":[53,37],"name":"sand"},{"loc":[53,38],"name":"sand"},{"loc":[53,39],"name":"sand"},{"loc":[54,5],"name":"fire"},{"loc":[54,10],"name":"fire"},{"loc":[54,13],"name":"fire"},{"loc":[54,31],"name":"sand"},{"loc":[54,32],"name":"sand"},{"loc":[54,33],"name":"sand"},{"loc":[54,34],"name":"sand"},{"loc":[54,35],"name":"sand"},{"loc":[54,36],"name":"sand"},{"loc":[54,37],"name":"sand"},{"loc":[54,38],"name":"sand"},{"loc":[54,39],"name":"sand"},{"loc":[55,12],"name":"fire"},{"loc":[55,30],"name":"sand"},{"loc":[55,31],"name":"sand"},{"loc":[55,32],"name":"sand"},{"loc":[55,33],"name":"sand"},{"loc":[55,34],"name":"sand"},{"loc":[55,35],"name":"sand"},{"loc":[55,36],"name":"sand"},{"loc":[55,37],"name":"sand"},{"loc":[55,38],"name":"sand"},{"loc":[55,39],"name":"sand"},{"loc":[56,30],"name":"sand"},{"loc":[56,31],"name":"sand"},{"loc":[56,32],"name":"sand"},{"loc":[56,33],"name":"sand"},{"loc":[56,34],"name":"sand"},{"loc":[56,35],"name":"sand"},{"loc":[56,36],"name":"sand"},{"loc":[56,37],"name":"sand"},{"loc":[56,38],"name":"sand"},{"loc":[56,39],"name":"sand"},{"loc":[57,21],"name":"fire"},{"loc":[57,29],"name":"sand"},{"loc":[57,30],"name":"sand"},{"loc":[57,31],"name":"sand"},{"loc":[57,32],"name":"sand"},{"loc":[57,33],"name":"sand"},{"loc":[57,34],"name":"sand"},{"loc":[57,35],"name":"sand"},{"loc":[57,36],"name":"sand"},{"loc":[57,37],"name":"sand"},{"loc":[57,38],"name":"sand"},{"loc":[57,39],"name":"sand"},{"loc":[58,20],"name":"fire"},{"loc":[58,28],"name":"sand"},{"loc":[58,29],"name":"sand"},{"loc":[58,30],"name":"sand"},{"loc":[58,31],"name":"sand"},{"loc":[58,32],"name":"sand"},{"loc":[58,33],"name":"sand"},{"loc":[58,34],"name":"sand"},{"loc":[58,35],"name":"sand"},{"loc":[58,36],"name":"sand"},{"loc":[58,37],"name":"sand"},{"loc":[58,38],"name":"sand"},{"loc":[58,39],"name":"sand"},{"loc":[59,0],"name":"fire"},{"loc":[59,12],"name":"fire"},{"loc":[59,29],"name":"sand"},{"loc":[59,30],"name":"sand"},{"loc":[59,31],"name":"sand"},{"loc":[59,32],"name":"sand"},{"loc":[59,33],"name":"sand"},{"loc":[59,34],"name":"sand"},{"loc":[59,35],"name":"sand"},{"loc":[59,36],"name":"sand"},{"loc":[59,37],"name":"sand"},{"loc":[59,38],"name":"sand"},{"loc":[59,39],"name":"sand"},{"loc":[60,10],"name":"fire"},{"loc":[60,29],"name":"sand"},{"loc":[60,30],"name":"sand"},{"loc":[60,31],"name":"sand"},{"loc":[60,32],"name":"sand"},{"loc":[60,33],"name":"sand"},{"loc":[60,34],"name":"sand"},{"loc":[60,35],"name":"sand"},{"loc":[60,36],"name":"sand"},{"loc":[60,37],"name":"sand"},{"loc":[60,38],"name":"sand"},{"loc":[60,39],"name":"sand"},{"loc":[61,9],"name":"fire"},{"loc":[61,30],"name":"sand"},{"loc":[61,31],"name":"sand"},{"loc":[61,32],"name":"sand"},{"loc":[61,33],"name":"sand"},{"loc":[61,34],"name":"sand"},{"loc":[61,35],"name":"sand"},{"loc":[61,36],"name":"sand"},{"loc":[61,37],"name":"sand"},{"loc":[61,38],"name":"sand"},{"loc":[61,39],"name":"sand"},{"loc":[62,2],"name":"fire"},{"loc":[62,30],"name":"sand"},{"loc":[62,31],"name":"sand"},{"loc":[62,32],"name":"sand"},{"loc":[62,33],"name":"sand"},{"loc":[62,34],"name":"sand"},{"loc":[62,35],"name":"sand"},{"loc":[62,36],"name":"sand"},{"loc":[62,37],"name":"sand"},{"loc":[62,38],"name":"sand"},{"loc":[62,39],"name":"sand"},{"loc":[63,30],"name":"sand"},{"loc":[63,31],"name":"sand"},{"loc":[63,32],"name":"sand"},{"loc":[63,33],"name":"sand"},{"loc":[63,34],"name":"sand"},{"loc":[63,35],"name":"sand"},{"loc":[63,36],"name":"sand"},{"loc":[63,37],"name":"sand"},{"loc":[63,38],"name":"sand"},{"loc":[63,39],"name":"sand"},{"loc":[64,31],"name":"sand"},{"loc":[64,32],"name":"sand"},{"loc":[64,33],"name":"sand"},{"loc":[64,34],"name":"sand"},{"loc":[64,35],"name":"sand"},{"loc":[64,36],"name":"sand"},{"loc":[64,37],"name":"sand"},{"loc":[64,38],"name":"sand"},{"loc":[64,39],"name":"sand"},{"loc":[65,31],"name":"lava"},{"loc":[65,32],"name":"sand"},{"loc":[65,33],"name":"sand"},{"loc":[65,34],"name":"sand"},{"loc":[65,35],"name":"sand"},{"loc":[65,36],"name":"sand"},{"loc":[65,37],"name":"sand"},{"loc":[65,38],"name":"sand"},{"loc":[65,39],"name":"sand"},{"loc":[66,10],"name":"fire"},{"loc":[66,31],"name":"lava"},{"loc":[66,32],"name":"glass"},{"loc":[66,33],"name":"glass"},{"loc":[66,34],"name":"sand"},{"loc":[66,35],"name":"sand"},{"loc":[66,36],"name":"sand"},{"loc":[66,37],"name":"sand"},{"loc":[66,38],"name":"sand"},{"loc":[66,39],"name":"sand"},{"loc":[67,31],"name":"lava"},{"loc":[67,32],"name":"lava"},{"loc":[67,33],"name":"glass"},{"loc":[67,34],"name":"glass"},{"loc":[67,35],"name":"sand"},{"loc":[67,36],"name":"sand"},{"loc":[67,37],"name":"sand"},{"loc":[67,38],"name":"sand"},{"loc":[67,39],"name":"sand"},{"loc":[68,31],"name":"lava"},{"loc":[68,32],"name":"lava"},{"loc":[68,33],"name":"lava"},{"loc":[68,34],"name":"glass"},{"loc":[68,35],"name":"sand"},{"loc":[68,36],"name":"sand"},{"loc":[68,37],"name":"sand"},{"loc":[68,38],"name":"sand"},{"loc":[68,39],"name":"sand"},{"loc":[69,31],"name":"lava"},{"loc":[69,32],"name":"lava"},{"loc":[69,33],"name":"lava"},{"loc":[69,34],"name":"glass"},{"loc":[69,35],"name":"sand"},{"loc":[69,36],"name":"sand"},{"loc":[69,37],"name":"sand"},{"loc":[69,38],"name":"sand"},{"loc":[69,39],"name":"sand"},{"loc":[70,31],"name":"lava"},{"loc":[70,32],"name":"lava"},{"loc":[70,33],"name":"lava"},{"loc":[70,34],"name":"glass"},{"loc":[70,35],"name":"sand"},{"loc":[70,36],"name":"sand"},{"loc":[70,37],"name":"sand"},{"loc":[70,38],"name":"sand"},{"loc":[70,39],"name":"sand"},{"loc":[71,8],"name":"fire"},{"loc":[71,26],"name":"fire"},{"loc":[71,28],"name":"fire"},{"loc":[71,30],"name":"lava"},{"loc":[71,31],"name":"lava"},{"loc":[71,32],"name":"lava"},{"loc":[71,33],"name":"lava"},{"loc":[71,34],"name":"glass"},{"loc":[71,35],"name":"sand"},{"loc":[71,36],"name":"sand"},{"loc":[71,37],"name":"sand"},{"loc":[71,38],"name":"sand"},{"loc":[71,39],"name":"sand"},{"loc":[72,30],"name":"lava"},{"loc":[72,31],"name":"lava"},{"loc":[72,32],"name":"lava"},{"loc":[72,33],"name":"lava"},{"loc":[72,34],"name":"glass"},{"loc":[72,35],"name":"sand"},{"loc":[72,36],"name":"sand"},{"loc":[72,37],"name":"sand"},{"loc":[72,38],"name":"sand"},{"loc":[72,39],"name":"sand"},{"loc":[73,30],"name":"lava"},{"loc":[73,31],"name":"lava"},{"loc":[73,32],"name":"lava"},{"loc":[73,33],"name":"glass"},{"loc":[73,34],"name":"sand"},{"loc":[73,35],"name":"sand"},{"loc":[73,36],"name":"sand"},{"loc":[73,37],"name":"sand"},{"loc":[73,38],"name":"sand"},{"loc":[73,39],"name":"sand"},{"loc":[74,30],"name":"lava"},{"loc":[74,31],"name":"lava"},{"loc":[74,32],"name":"lava"},{"loc":[74,33],"name":"glass"},{"loc":[74,34],"name":"sand"},{"loc":[74,35],"name":"sand"},{"loc":[74,36],"name":"sand"},{"loc":[74,37],"name":"sand"},{"loc":[74,38],"name":"sand"},{"loc":[74,39],"name":"sand"},{"loc":[75,30],"name":"lava"},{"loc":[75,31],"name":"lava"},{"loc":[75,32],"name":"glass"},{"loc":[75,33],"name":"glass"},{"loc":[75,34],"name":"sand"},{"loc":[75,35],"name":"sand"},{"loc":[75,36],"name":"sand"},{"loc":[75,37],"name":"sand"},{"loc":[75,38],"name":"sand"},{"loc":[75,39],"name":"sand"},{"loc":[76,27],"name":"fire"},{"loc":[76,30],"name":"lava"},{"loc":[76,31],"name":"lava"},{"loc":[76,32],"name":"sand"},{"loc":[76,33],"name":"sand"},{"loc":[76,34],"name":"sand"},{"loc":[76,35],"name":"sand"},{"loc":[76,36],"name":"sand"},{"loc":[76,37],"name":"sand"},{"loc":[76,38],"name":"sand"},{"loc":[76,39],"name":"sand"},{"loc":[77,10],"name":"fire"},{"loc":[77,29],"name":"lava"},{"loc":[77,30],"name":"lava"},{"loc":[77,31],"name":"lava"},{"loc":[77,32],"name":"glass"},{"loc":[77,33],"name":"sand"},{"loc":[77,34],"name":"sand"},{"loc":[77,35],"name":"sand"},{"loc":[77,36],"name":"sand"},{"loc":[77,37],"name":"sand"},{"loc":[77,38],"name":"sand"},{"loc":[77,39],"name":"sand"},{"loc":[78,29],"name":"lava"},{"loc":[78,30],"name":"lava"},{"loc":[78,31],"name":"glass"},{"loc":[78,32],"name":"glass"},{"loc":[78,33],"name":"sand"},{"loc":[78,34],"name":"sand"},{"loc":[78,35],"name":"sand"},{"loc":[78,36],"name":"sand"},{"loc":[78,37],"name":"sand"},{"loc":[78,38],"name":"sand"},{"loc":[78,39],"name":"sand"},{"loc":[79,27],"name":"lava"},{"loc":[79,29],"name":"lava"},{"loc":[79,30],"name":"glass"},{"loc":[79,31],"name":"glass"},{"loc":[79,32],"name":"sand"},{"loc":[79,33],"name":"sand"},{"loc":[79,34],"name":"sand"},{"loc":[79,35],"name":"sand"},{"loc":[79,36],"name":"sand"},{"loc":[79,37],"name":"sand"},{"loc":[79,38],"name":"sand"},{"loc":[79,39],"name":"sand"},{"loc":[80,21],"name":"fire"},{"loc":[80,28],"name":"lava"},{"loc":[80,29],"name":"lava"},{"loc":[80,30],"name":"lava"},{"loc":[80,31],"name":"glass"},{"loc":[80,32],"name":"sand"},{"loc":[80,33],"name":"sand"},{"loc":[80,34],"name":"sand"},{"loc":[80,35],"name":"sand"},{"loc":[80,36],"name":"sand"},{"loc":[80,37],"name":"sand"},{"loc":[80,38],"name":"sand"},{"loc":[80,39],"name":"sand"},{"loc":[81,28],"name":"lava"},{"loc":[81,29],"name":"lava"},{"loc":[81,30],"name":"glass"},{"loc":[81,31],"name":"glass"},{"loc":[81,32],"name":"sand"},{"loc":[81,33],"name":"sand"},{"loc":[81,34],"name":"sand"},{"loc":[81,35],"name":"sand"},{"loc":[81,36],"name":"sand"},{"loc":[81,37],"name":"sand"},{"loc":[81,38],"name":"sand"},{"loc":[81,39],"name":"sand"},{"loc":[82,25],"name":"fire"},{"loc":[82,26],"name":"lava"},{"loc":[82,27],"name":"lava"},{"loc":[82,28],"name":"lava"},{"loc":[82,29],"name":"lava"},{"loc":[82,30],"name":"sand"},{"loc":[82,31],"name":"sand"},{"loc":[82,32],"name":"sand"},{"loc":[82,33],"name":"sand"},{"loc":[82,34],"name":"sand"},{"loc":[82,35],"name":"sand"},{"loc":[82,36],"name":"sand"},{"loc":[82,37],"name":"sand"},{"loc":[82,38],"name":"sand"},{"loc":[82,39],"name":"sand"},{"loc":[83,27],"name":"lava"},{"loc":[83,28],"name":"lava"},{"loc":[83,29],"name":"glass"},{"loc":[83,30],"name":"sand"},{"loc":[83,31],"name":"sand"},{"loc":[83,32],"name":"sand"},{"loc":[83,33],"name":"sand"},{"loc":[83,34],"name":"sand"},{"loc":[83,35],"name":"sand"},{"loc":[83,36],"name":"sand"},{"loc":[83,37],"name":"sand"},{"loc":[83,38],"name":"sand"},{"loc":[83,39],"name":"sand"},{"loc":[84,27],"name":"lava"},{"loc":[84,28],"name":"lava"},{"loc":[84,29],"name":"glass"},{"loc":[84,30],"name":"sand"},{"loc":[84,31],"name":"sand"},{"loc":[84,32],"name":"sand"},{"loc":[84,33],"name":"sand"},{"loc":[84,34],"name":"sand"},{"loc":[84,35],"name":"sand"},{"loc":[84,36],"name":"sand"},{"loc":[84,37],"name":"sand"},{"loc":[84,38],"name":"sand"},{"loc":[84,39],"name":"sand"},{"loc":[85,27],"name":"lava"},{"loc":[85,28],"name":"glass"},{"loc":[85,29],"name":"glass"},{"loc":[85,30],"name":"sand"},{"loc":[85,31],"name":"sand"},{"loc":[85,32],"name":"sand"},{"loc":[85,33],"name":"sand"},{"loc":[85,34],"name":"sand"},{"loc":[85,35],"name":"sand"},{"loc":[85,36],"name":"sand"},{"loc":[85,37],"name":"sand"},{"loc":[85,38],"name":"sand"},{"loc":[85,39],"name":"sand"},{"loc":[86,25],"name":"lava"},{"loc":[86,26],"name":"lava"},{"loc":[86,27],"name":"lava"},{"loc":[86,28],"name":"glass"},{"loc":[86,29],"name":"sand"},{"loc":[86,30],"name":"sand"},{"loc":[86,31],"name":"sand"},{"loc":[86,32],"name":"sand"},{"loc":[86,33],"name":"sand"},{"loc":[86,34],"name":"sand"},{"loc":[86,35],"name":"sand"},{"loc":[86,36],"name":"sand"},{"loc":[86,37],"name":"sand"},{"loc":[86,38],"name":"sand"},{"loc":[86,39],"name":"sand"},{"loc":[87,25],"name":"lava"},{"loc":[87,26],"name":"lava"},{"loc":[87,27],"name":"lava"},{"loc":[87,28],"name":"glass"},{"loc":[87,29],"name":"sand"},{"loc":[87,30],"name":"sand"},{"loc":[87,31],"name":"sand"},{"loc":[87,32],"name":"sand"},{"loc":[87,33],"name":"sand"},{"loc":[87,34],"name":"sand"},{"loc":[87,35],"name":"sand"},{"loc":[87,36],"name":"sand"},{"loc":[87,37],"name":"sand"},{"loc":[87,38],"name":"sand"},{"loc":[87,39],"name":"sand"},{"loc":[88,24],"name":"lava"},{"loc":[88,25],"name":"lava"},{"loc":[88,26],"name":"lava"},{"loc":[88,27],"name":"glass"},{"loc":[88,28],"name":"sand"},{"loc":[88,29],"name":"sand"},{"loc":[88,30],"name":"sand"},{"loc":[88,31],"name":"sand"},{"loc":[88,32],"name":"sand"},{"loc":[88,33],"name":"sand"},{"loc":[88,34],"name":"sand"},{"loc":[88,35],"name":"sand"},{"loc":[88,36],"name":"sand"},{"loc":[88,37],"name":"sand"},{"loc":[88,38],"name":"sand"},{"loc":[88,39],"name":"sand"},{"loc":[89,24],"name":"lava"},{"loc":[89,25],"name":"lava"},{"loc":[89,26],"name":"lava"},{"loc":[89,27],"name":"glass"},{"loc":[89,28],"name":"sand"},{"loc":[89,29],"name":"sand"},{"loc":[89,30],"name":"glass"},{"loc":[89,31],"name":"glass"},{"loc":[89,32],"name":"glass"},{"loc":[89,33],"name":"sand"},{"loc":[89,34],"name":"sand"},{"loc":[89,35],"name":"sand"},{"loc":[89,36],"name":"sand"},{"loc":[89,37],"name":"sand"},{"loc":[89,38],"name":"sand"},{"loc":[89,39],"name":"sand"},{"loc":[90,23],"name":"lava"},{"loc":[90,24],"name":"lava"},{"loc":[90,25],"name":"lava"},{"loc":[90,26],"name":"lava"},{"loc":[90,27],"name":"glass"},{"loc":[90,28],"name":"sand"},{"loc":[90,29],"name":"glass"},{"loc":[90,30],"name":"glass"},{"loc":[90,31],"name":"lava"},{"loc":[90,32],"name":"glass"},{"loc":[90,33],"name":"sand"},{"loc":[90,34],"name":"sand"},{"loc":[90,35],"name":"sand"},{"loc":[90,36],"name":"sand"},{"loc":[90,37],"name":"sand"},{"loc":[90,38],"name":"sand"},{"loc":[90,39],"name":"sand"},{"loc":[91,25],"name":"lava"},{"loc":[91,26],"name":"lava"},{"loc":[91,27],"name":"lava"},{"loc":[91,28],"name":"glass"},{"loc":[91,29],"name":"lava"},{"loc":[91,30],"name":"glass"},{"loc":[91,31],"name":"lava"},{"loc":[91,32],"name":"glass"},{"loc":[91,33],"name":"sand"},{"loc":[91,34],"name":"sand"},{"loc":[91,35],"name":"sand"},{"loc":[91,36],"name":"sand"},{"loc":[91,37],"name":"sand"},{"loc":[91,38],"name":"sand"},{"loc":[91,39],"name":"sand"},{"loc":[92,2],"name":"fire"},{"loc":[92,9],"name":"glass"},{"loc":[92,21],"name":"fire"},{"loc":[92,23],"name":"lava"},{"loc":[92,24],"name":"lava"},{"loc":[92,25],"name":"lava"},{"loc":[92,26],"name":"lava"},{"loc":[92,27],"name":"lava"},{"loc":[92,28],"name":"lava"},{"loc":[92,29],"name":"glass"},{"loc":[92,30],"name":"glass"},{"loc":[92,31],"name":"glass"},{"loc":[92,32],"name":"sand"},{"loc":[92,33],"name":"sand"},{"loc":[92,34],"name":"sand"},{"loc":[92,35],"name":"sand"},{"loc":[92,36],"name":"sand"},{"loc":[92,37],"name":"sand"},{"loc":[92,38],"name":"sand"},{"loc":[92,39],"name":"sand"},{"loc":[93,22],"name":"lava"},{"loc":[93,24],"name":"lava"},{"loc":[93,25],"name":"lava"},{"loc":[93,26],"name":"lava"},{"loc":[93,27],"name":"lava"},{"loc":[93,28],"name":"lava"},{"loc":[93,29],"name":"glass"},{"loc":[93,30],"name":"sand"},{"loc":[93,31],"name":"glass"},{"loc":[93,32],"name":"glass"},{"loc":[93,33],"name":"sand"},{"loc":[93,34],"name":"sand"},{"loc":[93,35],"name":"sand"},{"loc":[93,36],"name":"sand"},{"loc":[93,37],"name":"sand"},{"loc":[93,38],"name":"sand"},{"loc":[93,39],"name":"sand"},{"loc":[94,22],"name":"lava"},{"loc":[94,23],"name":"lava"},{"loc":[94,24],"name":"glass"},{"loc":[94,25],"name":"lava"},{"loc":[94,26],"name":"lava"},{"loc":[94,27],"name":"lava"},{"loc":[94,28],"name":"lava"},{"loc":[94,29],"name":"glass"},{"loc":[94,30],"name":"glass"},{"loc":[94,31],"name":"glass"},{"loc":[94,32],"name":"lava"},{"loc":[94,33],"name":"glass"},{"loc":[94,34],"name":"sand"},{"loc":[94,35],"name":"sand"},{"loc":[94,36],"name":"sand"},{"loc":[94,37],"name":"sand"},{"loc":[94,38],"name":"sand"},{"loc":[94,39],"name":"sand"},{"loc":[95,22],"name":"lava"},{"loc":[95,23],"name":"lava"},{"loc":[95,24],"name":"lava"},{"loc":[95,25],"name":"lava"},{"loc":[95,26],"name":"lava"},{"loc":[95,27],"name":"glass"},{"loc":[95,28],"name":"glass"},{"loc":[95,29],"name":"lava"},{"loc":[95,30],"name":"glass"},{"loc":[95,31],"name":"lava"},{"loc":[95,32],"name":"glass"},{"loc":[95,33],"name":"glass"},{"loc":[95,34],"name":"sand"},{"loc":[95,35],"name":"sand"},{"loc":[95,36],"name":"sand"},{"loc":[95,37],"name":"sand"},{"loc":[95,38],"name":"sand"},{"loc":[95,39],"name":"sand"},{"loc":[96,22],"name":"lava"},{"loc":[96,23],"name":"lava"},{"loc":[96,24],"name":"lava"},{"loc":[96,25],"name":"lava"},{"loc":[96,26],"name":"lava"},{"loc":[96,27],"name":"lava"},{"loc":[96,28],"name":"lava"},{"loc":[96,29],"name":"glass"},{"loc":[96,30],"name":"lava"},{"loc":[96,31],"name":"glass"},{"loc":[96,32],"name":"glass"},{"loc":[96,33],"name":"glass"},{"loc":[96,34],"name":"sand"},{"loc":[96,35],"name":"sand"},{"loc":[96,36],"name":"sand"},{"loc":[96,37],"name":"sand"},{"loc":[96,38],"name":"sand"},{"loc":[96,39],"name":"sand"},{"loc":[97,22],"name":"lava"},{"loc":[97,23],"name":"lava"},{"loc":[97,24],"name":"lava"},{"loc":[97,25],"name":"lava"},{"loc":[97,26],"name":"lava"},{"loc":[97,27],"name":"glass"},{"loc":[97,28],"name":"lava"},{"loc":[97,29],"name":"lava"},{"loc":[97,30],"name":"glass"},{"loc":[97,31],"name":"glass"},{"loc":[97,32],"name":"lava"},{"loc":[97,33],"name":"lava"},{"loc":[97,34],"name":"glass"},{"loc":[97,35],"name":"sand"},{"loc":[97,36],"name":"sand"},{"loc":[97,37],"name":"sand"},{"loc":[97,38],"name":"sand"},{"loc":[97,39],"name":"sand"},{"loc":[98,21],"name":"lava"},{"loc":[98,22],"name":"lava"},{"loc":[98,23],"name":"lava"},{"loc":[98,24],"name":"lava"},{"loc":[98,25],"name":"lava"},{"loc":[98,26],"name":"lava"},{"loc":[98,27],"name":"lava"},{"loc":[98,28],"name":"lava"},{"loc":[98,29],"name":"lava"},{"loc":[98,30],"name":"glass"},{"loc":[98,31],"name":"glass"},{"loc":[98,32],"name":"lava"},{"loc":[98,33],"name":"glass"},{"loc":[98,34],"name":"glass"},{"loc":[98,35],"name":"sand"},{"loc":[98,36],"name":"sand"},{"loc":[98,37],"name":"sand"},{"loc":[98,38],"name":"sand"},{"loc":[98,39],"name":"sand"},{"loc":[99,21],"name":"lava"},{"loc":[99,22],"name":"lava"},{"loc":[99,23],"name":"lava"},{"loc":[99,24],"name":"lava"},{"loc":[99,25],"name":"lava"},{"loc":[99,26],"name":"lava"},{"loc":[99,27],"name":"lava"},{"loc":[99,28],"name":"lava"},{"loc":[99,29],"name":"lava"},{"loc":[99,30],"name":"lava"},{"loc":[99,31],"name":"lava"},{"loc":[99,32],"name":"lava"},{"loc":[99,33],"name":"glass"},{"loc":[99,34],"name":"sand"},{"loc":[99,35],"name":"sand"},{"loc":[99,36],"name":"sand"},{"loc":[99,37],"name":"sand"},{"loc":[99,38],"name":"sand"},{"loc":[99,39],"name":"sand"},{"loc":[100,19],"name":"fire"},{"loc":[100,21],"name":"lava"},{"loc":[100,22],"name":"lava"},{"loc":[100,23],"name":"lava"},{"loc":[100,24],"name":"lava"},{"loc":[100,25],"name":"lava"},{"loc":[100,26],"name":"lava"},{"loc":[100,27],"name":"lava"},{"loc":[100,28],"name":"lava"},{"loc":[100,29],"name":"lava"},{"loc":[100,30],"name":"lava"},{"loc":[100,31],"name":"glass"},{"loc":[100,32],"name":"glass"},{"loc":[100,33],"name":"glass"},{"loc":[100,34],"name":"sand"},{"loc":[100,35],"name":"sand"},{"loc":[100,36],"name":"sand"},{"loc":[100,37],"name":"sand"},{"loc":[100,38],"name":"sand"},{"loc":[100,39],"name":"sand"},{"loc":[101,20],"name":"lava"},{"loc":[101,21],"name":"lava"},{"loc":[101,22],"name":"lava"},{"loc":[101,23],"name":"lava"},{"loc":[101,24],"name":"lava"},{"loc":[101,25],"name":"lava"},{"loc":[101,26],"name":"lava"},{"loc":[101,27],"name":"lava"},{"loc":[101,28],"name":"lava"},{"loc":[101,29],"name":"lava"},{"loc":[101,30],"name":"lava"},{"loc":[101,31],"name":"glass"},{"loc":[101,32],"name":"sand"},{"loc":[101,33],"name":"sand"},{"loc":[101,34],"name":"sand"},{"loc":[101,35],"name":"sand"},{"loc":[101,36],"name":"sand"},{"loc":[101,37],"name":"sand"},{"loc":[101,38],"name":"sand"},{"loc":[101,39],"name":"sand"},{"loc":[102,19],"name":"lava"},{"loc":[102,20],"name":"lava"},{"loc":[102,21],"name":"lava"},{"loc":[102,22],"name":"lava"},{"loc":[102,23],"name":"lava"},{"loc":[102,24],"name":"lava"},{"loc":[102,25],"name":"lava"},{"loc":[102,26],"name":"lava"},{"loc":[102,27],"name":"lava"},{"loc":[102,28],"name":"lava"},{"loc":[102,29],"name":"lava"},{"loc":[102,30],"name":"glass"},{"loc":[102,31],"name":"glass"},{"loc":[102,32],"name":"sand"},{"loc":[102,33],"name":"sand"},{"loc":[102,34],"name":"sand"},{"loc":[102,35],"name":"sand"},{"loc":[102,36],"name":"sand"},{"loc":[102,37],"name":"sand"},{"loc":[102,38],"name":"sand"},{"loc":[102,39],"name":"sand"},{"loc":[103,20],"name":"lava"},{"loc":[103,21],"name":"lava"},{"loc":[103,22],"name":"lava"},{"loc":[103,23],"name":"lava"},{"loc":[103,24],"name":"lava"},{"loc":[103,25],"name":"lava"},{"loc":[103,26],"name":"lava"},{"loc":[103,27],"name":"lava"},{"loc":[103,28],"name":"lava"},{"loc":[103,29],"name":"lava"},{"loc":[103,30],"name":"glass"},{"loc":[103,31],"name":"sand"},{"loc":[103,32],"name":"sand"},{"loc":[103,33],"name":"sand"},{"loc":[103,34],"name":"sand"},{"loc":[103,35],"name":"sand"},{"loc":[103,36],"name":"sand"},{"loc":[103,37],"name":"sand"},{"loc":[103,38],"name":"sand"},{"loc":[103,39],"name":"sand"},{"loc":[104,19],"name":"lava"},{"loc":[104,20],"name":"lava"},{"loc":[104,21],"name":"lava"},{"loc":[104,22],"name":"lava"},{"loc":[104,23],"name":"lava"},{"loc":[104,24],"name":"lava"},{"loc":[104,25],"name":"lava"},{"loc":[104,26],"name":"lava"},{"loc":[104,27],"name":"lava"},{"loc":[104,28],"name":"glass"},{"loc":[104,29],"name":"glass"},{"loc":[104,30],"name":"sand"},{"loc":[104,31],"name":"sand"},{"loc":[104,32],"name":"sand"},{"loc":[104,33],"name":"sand"},{"loc":[104,34],"name":"sand"},{"loc":[104,35],"name":"sand"},{"loc":[104,36],"name":"sand"},{"loc":[104,37],"name":"sand"},{"loc":[104,38],"name":"sand"},{"loc":[104,39],"name":"sand"},{"loc":[105,15],"name":"fire"},{"loc":[105,20],"name":"lava"},{"loc":[105,21],"name":"lava"},{"loc":[105,22],"name":"lava"},{"loc":[105,23],"name":"lava"},{"loc":[105,24],"name":"lava"},{"loc":[105,25],"name":"lava"},{"loc":[105,26],"name":"lava"},{"loc":[105,27],"name":"glass"},{"loc":[105,28],"name":"glass"},{"loc":[105,29],"name":"sand"},{"loc":[105,30],"name":"sand"},{"loc":[105,31],"name":"sand"},{"loc":[105,32],"name":"sand"},{"loc":[105,33],"name":"sand"},{"loc":[105,34],"name":"sand"},{"loc":[105,35],"name":"sand"},{"loc":[105,36],"name":"sand"},{"loc":[105,37],"name":"sand"},{"loc":[105,38],"name":"sand"},{"loc":[105,39],"name":"sand"},{"loc":[106,19],"name":"lava"},{"loc":[106,20],"name":"lava"},{"loc":[106,21],"name":"lava"},{"loc":[106,22],"name":"lava"},{"loc":[106,23],"name":"lava"},{"loc":[106,24],"name":"lava"},{"loc":[106,25],"name":"lava"},{"loc":[106,26],"name":"glass"},{"loc":[106,27],"name":"glass"},{"loc":[106,28],"name":"sand"},{"loc":[106,29],"name":"sand"},{"loc":[106,30],"name":"sand"},{"loc":[106,31],"name":"sand"},{"loc":[106,32],"name":"sand"},{"loc":[106,33],"name":"sand"},{"loc":[106,34],"name":"sand"},{"loc":[106,35],"name":"sand"},{"loc":[106,36],"name":"sand"},{"loc":[106,37],"name":"sand"},{"loc":[106,38],"name":"sand"},{"loc":[106,39],"name":"sand"},{"loc":[107,19],"name":"lava"},{"loc":[107,20],"name":"lava"},{"loc":[107,21],"name":"lava"},{"loc":[107,22],"name":"lava"},{"loc":[107,23],"name":"lava"},{"loc":[107,24],"name":"lava"},{"loc":[107,25],"name":"glass"},{"loc":[107,26],"name":"glass"},{"loc":[107,27],"name":"sand"},{"loc":[107,28],"name":"sand"},{"loc":[107,29],"name":"sand"},{"loc":[107,30],"name":"sand"},{"loc":[107,31],"name":"sand"},{"loc":[107,32],"name":"sand"},{"loc":[107,33],"name":"sand"},{"loc":[107,34],"name":"sand"},{"loc":[107,35],"name":"sand"},{"loc":[107,36],"name":"sand"},{"loc":[107,37],"name":"sand"},{"loc":[107,38],"name":"sand"},{"loc":[107,39],"name":"sand"},{"loc":[108,19],"name":"lava"},{"loc":[108,20],"name":"lava"},{"loc":[108,21],"name":"lava"},{"loc":[108,22],"name":"lava"},{"loc":[108,23],"name":"lava"},{"loc":[108,24],"name":"glass"},{"loc":[108,25],"name":"glass"},{"loc":[108,26],"name":"sand"},{"loc":[108,27],"name":"sand"},{"loc":[108,28],"name":"sand"},{"loc":[108,29],"name":"sand"},{"loc":[108,30],"name":"sand"},{"loc":[108,31],"name":"sand"},{"loc":[108,32],"name":"sand"},{"loc":[108,33],"name":"sand"},{"loc":[108,34],"name":"sand"},{"loc":[108,35],"name":"sand"},{"loc":[108,36],"name":"sand"},{"loc":[108,37],"name":"sand"},{"loc":[108,38],"name":"sand"},{"loc":[108,39],"name":"sand"},{"loc":[109,19],"name":"lava"},{"loc":[109,20],"name":"lava"},{"loc":[109,21],"name":"lava"},{"loc":[109,22],"name":"lava"},{"loc":[109,23],"name":"glass"},{"loc":[109,24],"name":"glass"},{"loc":[109,25],"name":"sand"},{"loc":[109,26],"name":"sand"},{"loc":[109,27],"name":"sand"},{"loc":[109,28],"name":"sand"},{"loc":[109,29],"name":"sand"},{"loc":[109,30],"name":"sand"},{"loc":[109,31],"name":"sand"},{"loc":[109,32],"name":"sand"},{"loc":[109,33],"name":"sand"},{"loc":[109,34],"name":"sand"},{"loc":[109,35],"name":"sand"},{"loc":[109,36],"name":"sand"},{"loc":[109,37],"name":"sand"},{"loc":[109,38],"name":"sand"},{"loc":[109,39],"name":"sand"},{"loc":[110,13],"name":"fire"},{"loc":[110,18],"name":"lava"},{"loc":[110,19],"name":"lava"},{"loc":[110,20],"name":"lava"},{"loc":[110,21],"name":"lava"},{"loc":[110,22],"name":"lava"},{"loc":[110,23],"name":"glass"},{"loc":[110,24],"name":"sand"},{"loc":[110,25],"name":"sand"},{"loc":[110,26],"name":"sand"},{"loc":[110,27],"name":"sand"},{"loc":[110,28],"name":"sand"},{"loc":[110,29],"name":"sand"},{"loc":[110,30],"name":"sand"},{"loc":[110,31],"name":"sand"},{"loc":[110,32],"name":"sand"},{"loc":[110,33],"name":"sand"},{"loc":[110,34],"name":"sand"},{"loc":[110,35],"name":"sand"},{"loc":[110,36],"name":"sand"},{"loc":[110,37],"name":"sand"},{"loc":[110,38],"name":"sand"},{"loc":[110,39],"name":"sand"},{"loc":[111,17],"name":"fire"},{"loc":[111,19],"name":"lava"},{"loc":[111,20],"name":"lava"},{"loc":[111,21],"name":"glass"},{"loc":[111,22],"name":"glass"},{"loc":[111,23],"name":"glass"},{"loc":[111,24],"name":"sand"},{"loc":[111,25],"name":"sand"},{"loc":[111,26],"name":"sand"},{"loc":[111,27],"name":"sand"},{"loc":[111,28],"name":"sand"},{"loc":[111,29],"name":"sand"},{"loc":[111,30],"name":"sand"},{"loc":[111,31],"name":"sand"},{"loc":[111,32],"name":"sand"},{"loc":[111,33],"name":"sand"},{"loc":[111,34],"name":"sand"},{"loc":[111,35],"name":"sand"},{"loc":[111,36],"name":"sand"},{"loc":[111,37],"name":"sand"},{"loc":[111,38],"name":"sand"},{"loc":[111,39],"name":"sand"},{"loc":[112,19],"name":"lava"},{"loc":[112,20],"name":"lava"},{"loc":[112,21],"name":"glass"},{"loc":[112,22],"name":"sand"},{"loc":[112,23],"name":"sand"},{"loc":[112,24],"name":"sand"},{"loc":[112,25],"name":"sand"},{"loc":[112,26],"name":"sand"},{"loc":[112,27],"name":"sand"},{"loc":[112,28],"name":"sand"},{"loc":[112,29],"name":"sand"},{"loc":[112,30],"name":"sand"},{"loc":[112,31],"name":"sand"},{"loc":[112,32],"name":"sand"},{"loc":[112,33],"name":"sand"},{"loc":[112,34],"name":"sand"},{"loc":[112,35],"name":"sand"},{"loc":[112,36],"name":"sand"},{"loc":[112,37],"name":"sand"},{"loc":[112,38],"name":"sand"},{"loc":[112,39],"name":"sand"},{"loc":[113,19],"name":"glass"},{"loc":[113,20],"name":"glass"},{"loc":[113,21],"name":"sand"},{"loc":[113,22],"name":"sand"},{"loc":[113,23],"name":"sand"},{"loc":[113,24],"name":"sand"},{"loc":[113,25],"name":"sand"},{"loc":[113,26],"name":"sand"},{"loc":[113,27],"name":"sand"},{"loc":[113,28],"name":"sand"},{"loc":[113,29],"name":"sand"},{"loc":[113,30],"name":"sand"},{"loc":[113,31],"name":"sand"},{"loc":[113,32],"name":"sand"},{"loc":[113,33],"name":"sand"},{"loc":[113,34],"name":"sand"},{"loc":[113,35],"name":"sand"},{"loc":[113,36],"name":"sand"},{"loc":[113,37],"name":"sand"},{"loc":[113,38],"name":"sand"},{"loc":[113,39],"name":"sand"},{"loc":[114,18],"name":"glass"},{"loc":[114,19],"name":"glass"},{"loc":[114,20],"name":"sand"},{"loc":[114,21],"name":"sand"},{"loc":[114,22],"name":"sand"},{"loc":[114,23],"name":"sand"},{"loc":[114,24],"name":"sand"},{"loc":[114,25],"name":"sand"},{"loc":[114,26],"name":"sand"},{"loc":[114,27],"name":"sand"},{"loc":[114,28],"name":"sand"},{"loc":[114,29],"name":"sand"},{"loc":[114,30],"name":"sand"},{"loc":[114,31],"name":"sand"},{"loc":[114,32],"name":"sand"},{"loc":[114,33],"name":"sand"},{"loc":[114,34],"name":"sand"},{"loc":[114,35],"name":"sand"},{"loc":[114,36],"name":"sand"},{"loc":[114,37],"name":"sand"},{"loc":[114,38],"name":"sand"},{"loc":[114,39],"name":"sand"},{"loc":[115,17],"name":"glass"},{"loc":[115,18],"name":"glass"},{"loc":[115,19],"name":"sand"},{"loc":[115,20],"name":"sand"},{"loc":[115,21],"name":"sand"},{"loc":[115,22],"name":"sand"},{"loc":[115,23],"name":"sand"},{"loc":[115,24],"name":"sand"},{"loc":[115,25],"name":"sand"},{"loc":[115,26],"name":"sand"},{"loc":[115,27],"name":"sand"},{"loc":[115,28],"name":"sand"},{"loc":[115,29],"name":"sand"},{"loc":[115,30],"name":"sand"},{"loc":[115,31],"name":"sand"},{"loc":[115,32],"name":"sand"},{"loc":[115,33],"name":"sand"},{"loc":[115,34],"name":"sand"},{"loc":[115,35],"name":"sand"},{"loc":[115,36],"name":"sand"},{"loc":[115,37],"name":"sand"},{"loc":[115,38],"name":"sand"},{"loc":[115,39],"name":"sand"},{"loc":[116,16],"name":"sand"},{"loc":[116,17],"name":"glass"},{"loc":[116,18],"name":"sand"},{"loc":[116,19],"name":"sand"},{"loc":[116,20],"name":"sand"},{"loc":[116,21],"name":"sand"},{"loc":[116,22],"name":"sand"},{"loc":[116,23],"name":"sand"},{"loc":[116,24],"name":"sand"},{"loc":[116,25],"name":"sand"},{"loc":[116,26],"name":"sand"},{"loc":[116,27],"name":"sand"},{"loc":[116,28],"name":"sand"},{"loc":[116,29],"name":"sand"},{"loc":[116,30],"name":"sand"},{"loc":[116,31],"name":"sand"},{"loc":[116,32],"name":"sand"},{"loc":[116,33],"name":"sand"},{"loc":[116,34],"name":"sand"},{"loc":[116,35],"name":"sand"},{"loc":[116,36],"name":"sand"},{"loc":[116,37],"name":"sand"},{"loc":[116,38],"name":"sand"},{"loc":[116,39],"name":"sand"},{"loc":[117,16],"name":"sand"},{"loc":[117,17],"name":"sand"},{"loc":[117,18],"name":"sand"},{"loc":[117,19],"name":"sand"},{"loc":[117,20],"name":"sand"},{"loc":[117,21],"name":"sand"},{"loc":[117,22],"name":"sand"},{"loc":[117,23],"name":"sand"},{"loc":[117,24],"name":"sand"},{"loc":[117,25],"name":"sand"},{"loc":[117,26],"name":"sand"},{"loc":[117,27],"name":"sand"},{"loc":[117,28],"name":"sand"},{"loc":[117,29],"name":"sand"},{"loc":[117,30],"name":"sand"},{"loc":[117,31],"name":"sand"},{"loc":[117,32],"name":"sand"},{"loc":[117,33],"name":"sand"},{"loc":[117,34],"name":"sand"},{"loc":[117,35],"name":"sand"},{"loc":[117,36],"name":"sand"},{"loc":[117,37],"name":"sand"},{"loc":[117,38],"name":"sand"},{"loc":[117,39],"name":"sand"},{"loc":[118,15],"name":"sand"},{"loc":[118,16],"name":"sand"},{"loc":[118,17],"name":"sand"},{"loc":[118,18],"name":"sand"},{"loc":[118,19],"name":"sand"},{"loc":[118,20],"name":"sand"},{"loc":[118,21],"name":"sand"},{"loc":[118,22],"name":"sand"},{"loc":[118,23],"name":"sand"},{"loc":[118,24],"name":"sand"},{"loc":[118,25],"name":"sand"},{"loc":[118,26],"name":"sand"},{"loc":[118,27],"name":"sand"},{"loc":[118,28],"name":"sand"},{"loc":[118,29],"name":"sand"},{"loc":[118,30],"name":"sand"},{"loc":[118,31],"name":"sand"},{"loc":[118,32],"name":"sand"},{"loc":[118,33],"name":"sand"},{"loc":[118,34],"name":"sand"},{"loc":[118,35],"name":"sand"},{"loc":[118,36],"name":"sand"},{"loc":[118,37],"name":"sand"},{"loc":[118,38],"name":"sand"},{"loc":[118,39],"name":"sand"},{"loc":[119,15],"name":"sand"},{"loc":[119,16],"name":"glass"},{"loc":[119,17],"name":"sand"},{"loc":[119,18],"name":"sand"},{"loc":[119,19],"name":"sand"},{"loc":[119,20],"name":"sand"},{"loc":[119,21],"name":"sand"},{"loc":[119,22],"name":"sand"},{"loc":[119,23],"name":"sand"},{"loc":[119,24],"name":"sand"},{"loc":[119,25],"name":"sand"},{"loc":[119,26],"name":"sand"},{"loc":[119,27],"name":"sand"},{"loc":[119,28],"name":"sand"},{"loc":[119,29],"name":"sand"},{"loc":[119,30],"name":"sand"},{"loc":[119,31],"name":"sand"},{"loc":[119,32],"name":"sand"},{"loc":[119,33],"name":"sand"},{"loc":[119,34],"name":"sand"},{"loc":[119,35],"name":"sand"},{"loc":[119,36],"name":"sand"},{"loc":[119,37],"name":"sand"},{"loc":[119,38],"name":"sand"},{"loc":[119,39],"name":"sand"},{"loc":[120,16],"name":"glass"},{"loc":[120,17],"name":"glass"},{"loc":[120,18],"name":"sand"},{"loc":[120,19],"name":"sand"},{"loc":[120,20],"name":"sand"},{"loc":[120,21],"name":"sand"},{"loc":[120,22],"name":"sand"},{"loc":[120,23],"name":"sand"},{"loc":[120,24],"name":"sand"},{"loc":[120,25],"name":"sand"},{"loc":[120,26],"name":"sand"},{"loc":[120,27],"name":"sand"},{"loc":[120,28],"name":"sand"},{"loc":[120,29],"name":"sand"},{"loc":[120,30],"name":"sand"},{"loc":[120,31],"name":"sand"},{"loc":[120,32],"name":"sand"},{"loc":[120,33],"name":"sand"},{"loc":[120,34],"name":"sand"},{"loc":[120,35],"name":"sand"},{"loc":[120,36],"name":"sand"},{"loc":[120,37],"name":"sand"},{"loc":[120,38],"name":"sand"},{"loc":[120,39],"name":"sand"},{"loc":[121,17],"name":"glass"},{"loc":[121,18],"name":"sand"},{"loc":[121,19],"name":"sand"},{"loc":[121,20],"name":"sand"},{"loc":[121,21],"name":"sand"},{"loc":[121,22],"name":"sand"},{"loc":[121,23],"name":"sand"},{"loc":[121,24],"name":"sand"},{"loc":[121,25],"name":"sand"},{"loc":[121,26],"name":"sand"},{"loc":[121,27],"name":"sand"},{"loc":[121,28],"name":"sand"},{"loc":[121,29],"name":"sand"},{"loc":[121,30],"name":"sand"},{"loc":[121,31],"name":"sand"},{"loc":[121,32],"name":"sand"},{"loc":[121,33],"name":"sand"},{"loc":[121,34],"name":"sand"},{"loc":[121,35],"name":"sand"},{"loc":[121,36],"name":"sand"},{"loc":[121,37],"name":"sand"},{"loc":[121,38],"name":"sand"},{"loc":[121,39],"name":"sand"},{"loc":[122,17],"name":"glass"},{"loc":[122,18],"name":"glass"},{"loc":[122,19],"name":"sand"},{"loc":[122,20],"name":"sand"},{"loc":[122,21],"name":"sand"},{"loc":[122,22],"name":"sand"},{"loc":[122,23],"name":"sand"},{"loc":[122,24],"name":"sand"},{"loc":[122,25],"name":"sand"},{"loc":[122,26],"name":"sand"},{"loc":[122,27],"name":"sand"},{"loc":[122,28],"name":"sand"},{"loc":[122,29],"name":"sand"},{"loc":[122,30],"name":"sand"},{"loc":[122,31],"name":"sand"},{"loc":[122,32],"name":"sand"},{"loc":[122,33],"name":"sand"},{"loc":[122,34],"name":"sand"},{"loc":[122,35],"name":"sand"},{"loc":[122,36],"name":"sand"},{"loc":[122,37],"name":"sand"},{"loc":[122,38],"name":"sand"},{"loc":[122,39],"name":"sand"},{"loc":[123,18],"name":"glass"},{"loc":[123,19],"name":"glass"},{"loc":[123,20],"name":"sand"},{"loc":[123,21],"name":"sand"},{"loc":[123,22],"name":"sand"},{"loc":[123,23],"name":"sand"},{"loc":[123,24],"name":"sand"},{"loc":[123,25],"name":"sand"},{"loc":[123,26],"name":"sand"},{"loc":[123,27],"name":"sand"},{"loc":[123,28],"name":"sand"},{"loc":[123,29],"name":"sand"},{"loc":[123,30],"name":"sand"},{"loc":[123,31],"name":"sand"},{"loc":[123,32],"name":"sand"},{"loc":[123,33],"name":"sand"},{"loc":[123,34],"name":"sand"},{"loc":[123,35],"name":"sand"},{"loc":[123,36],"name":"sand"},{"loc":[123,37],"name":"sand"},{"loc":[123,38],"name":"sand"},{"loc":[123,39],"name":"sand"},{"loc":[124,17],"name":"lava"},{"loc":[124,18],"name":"lava"},{"loc":[124,19],"name":"glass"},{"loc":[124,20],"name":"glass"},{"loc":[124,21],"name":"sand"},{"loc":[124,22],"name":"sand"},{"loc":[124,23],"name":"sand"},{"loc":[124,24],"name":"sand"},{"loc":[124,25],"name":"sand"},{"loc":[124,26],"name":"sand"},{"loc":[124,27],"name":"sand"},{"loc":[124,28],"name":"sand"},{"loc":[124,29],"name":"sand"},{"loc":[124,30],"name":"sand"},{"loc":[124,31],"name":"sand"},{"loc":[124,32],"name":"sand"},{"loc":[124,33],"name":"sand"},{"loc":[124,34],"name":"sand"},{"loc":[124,35],"name":"sand"},{"loc":[124,36],"name":"sand"},{"loc":[124,37],"name":"sand"},{"loc":[124,38],"name":"sand"},{"loc":[124,39],"name":"sand"},{"loc":[125,18],"name":"lava"},{"loc":[125,19],"name":"lava"},{"loc":[125,20],"name":"glass"},{"loc":[125,21],"name":"sand"},{"loc":[125,22],"name":"sand"},{"loc":[125,23],"name":"sand"},{"loc":[125,24],"name":"sand"},{"loc":[125,25],"name":"sand"},{"loc":[125,26],"name":"sand"},{"loc":[125,27],"name":"sand"},{"loc":[125,28],"name":"sand"},{"loc":[125,29],"name":"sand"},{"loc":[125,30],"name":"sand"},{"loc":[125,31],"name":"sand"},{"loc":[125,32],"name":"sand"},{"loc":[125,33],"name":"sand"},{"loc":[125,34],"name":"sand"},{"loc":[125,35],"name":"sand"},{"loc":[125,36],"name":"sand"},{"loc":[125,37],"name":"sand"},{"loc":[125,38],"name":"sand"},{"loc":[125,39],"name":"sand"},{"loc":[126,18],"name":"lava"},{"loc":[126,19],"name":"lava"},{"loc":[126,20],"name":"glass"},{"loc":[126,21],"name":"glass"},{"loc":[126,22],"name":"sand"},{"loc":[126,23],"name":"sand"},{"loc":[126,24],"name":"sand"},{"loc":[126,25],"name":"sand"},{"loc":[126,26],"name":"sand"},{"loc":[126,27],"name":"sand"},{"loc":[126,28],"name":"sand"},{"loc":[126,29],"name":"sand"},{"loc":[126,30],"name":"sand"},{"loc":[126,31],"name":"sand"},{"loc":[126,32],"name":"sand"},{"loc":[126,33],"name":"sand"},{"loc":[126,34],"name":"sand"},{"loc":[126,35],"name":"sand"},{"loc":[126,36],"name":"sand"},{"loc":[126,37],"name":"sand"},{"loc":[126,38],"name":"sand"},{"loc":[126,39],"name":"sand"},{"loc":[127,19],"name":"lava"},{"loc":[127,20],"name":"lava"},{"loc":[127,21],"name":"glass"},{"loc":[127,22],"name":"glass"},{"loc":[127,23],"name":"sand"},{"loc":[127,24],"name":"sand"},{"loc":[127,25],"name":"sand"},{"loc":[127,26],"name":"sand"},{"loc":[127,27],"name":"sand"},{"loc":[127,28],"name":"sand"},{"loc":[127,29],"name":"sand"},{"loc":[127,30],"name":"sand"},{"loc":[127,31],"name":"sand"},{"loc":[127,32],"name":"sand"},{"loc":[127,33],"name":"sand"},{"loc":[127,34],"name":"sand"},{"loc":[127,35],"name":"sand"},{"loc":[127,36],"name":"sand"},{"loc":[127,37],"name":"sand"},{"loc":[127,38],"name":"sand"},{"loc":[127,39],"name":"sand"},{"loc":[128,20],"name":"lava"},{"loc":[128,21],"name":"lava"},{"loc":[128,22],"name":"glass"},{"loc":[128,23],"name":"glass"},{"loc":[128,24],"name":"sand"},{"loc":[128,25],"name":"sand"},{"loc":[128,26],"name":"sand"},{"loc":[128,27],"name":"sand"},{"loc":[128,28],"name":"sand"},{"loc":[128,29],"name":"sand"},{"loc":[128,30],"name":"sand"},{"loc":[128,31],"name":"sand"},{"loc":[128,32],"name":"sand"},{"loc":[128,33],"name":"sand"},{"loc":[128,34],"name":"sand"},{"loc":[128,35],"name":"sand"},{"loc":[128,36],"name":"sand"},{"loc":[128,37],"name":"sand"},{"loc":[128,38],"name":"sand"},{"loc":[128,39],"name":"sand"},{"loc":[129,19],"name":"lava"},{"loc":[129,20],"name":"lava"},{"loc":[129,21],"name":"lava"},{"loc":[129,22],"name":"lava"},{"loc":[129,23],"name":"glass"},{"loc":[129,24],"name":"sand"},{"loc":[129,25],"name":"sand"},{"loc":[129,26],"name":"sand"},{"loc":[129,27],"name":"sand"},{"loc":[129,28],"name":"sand"},{"loc":[129,29],"name":"sand"},{"loc":[129,30],"name":"sand"},{"loc":[129,31],"name":"sand"},{"loc":[129,32],"name":"sand"},{"loc":[129,33],"name":"sand"},{"loc":[129,34],"name":"sand"},{"loc":[129,35],"name":"sand"},{"loc":[129,36],"name":"sand"},{"loc":[129,37],"name":"sand"},{"loc":[129,38],"name":"sand"},{"loc":[129,39],"name":"sand"},{"loc":[130,20],"name":"lava"},{"loc":[130,21],"name":"lava"},{"loc":[130,22],"name":"lava"},{"loc":[130,23],"name":"lava"},{"loc":[130,24],"name":"glass"},{"loc":[130,25],"name":"sand"},{"loc":[130,26],"name":"sand"},{"loc":[130,27],"name":"sand"},{"loc":[130,28],"name":"sand"},{"loc":[130,29],"name":"sand"},{"loc":[130,30],"name":"sand"},{"loc":[130,31],"name":"sand"},{"loc":[130,32],"name":"sand"},{"loc":[130,33],"name":"sand"},{"loc":[130,34],"name":"sand"},{"loc":[130,35],"name":"sand"},{"loc":[130,36],"name":"sand"},{"loc":[130,37],"name":"sand"},{"loc":[130,38],"name":"sand"},{"loc":[130,39],"name":"sand"},{"loc":[131,19],"name":"fire"},{"loc":[131,21],"name":"lava"},{"loc":[131,22],"name":"lava"},{"loc":[131,23],"name":"lava"},{"loc":[131,24],"name":"glass"},{"loc":[131,25],"name":"sand"},{"loc":[131,26],"name":"sand"},{"loc":[131,27],"name":"sand"},{"loc":[131,28],"name":"sand"},{"loc":[131,29],"name":"sand"},{"loc":[131,30],"name":"sand"},{"loc":[131,31],"name":"sand"},{"loc":[131,32],"name":"sand"},{"loc":[131,33],"name":"sand"},{"loc":[131,34],"name":"sand"},{"loc":[131,35],"name":"sand"},{"loc":[131,36],"name":"sand"},{"loc":[131,37],"name":"sand"},{"loc":[131,38],"name":"sand"},{"loc":[131,39],"name":"sand"},{"loc":[132,7],"name":"fire"},{"loc":[132,20],"name":"lava"},{"loc":[132,21],"name":"lava"},{"loc":[132,22],"name":"lava"},{"loc":[132,23],"name":"lava"},{"loc":[132,24],"name":"lava"},{"loc":[132,25],"name":"glass"},{"loc":[132,26],"name":"sand"},{"loc":[132,27],"name":"sand"},{"loc":[132,28],"name":"sand"},{"loc":[132,29],"name":"sand"},{"loc":[132,30],"name":"sand"},{"loc":[132,31],"name":"sand"},{"loc":[132,32],"name":"sand"},{"loc":[132,33],"name":"sand"},{"loc":[132,34],"name":"sand"},{"loc":[132,35],"name":"sand"},{"loc":[132,36],"name":"sand"},{"loc":[132,37],"name":"sand"},{"loc":[132,38],"name":"sand"},{"loc":[132,39],"name":"sand"},{"loc":[133,21],"name":"lava"},{"loc":[133,22],"name":"lava"},{"loc":[133,23],"name":"lava"},{"loc":[133,24],"name":"lava"},{"loc":[133,25],"name":"lava"},{"loc":[133,26],"name":"glass"},{"loc":[133,27],"name":"glass"},{"loc":[133,28],"name":"sand"},{"loc":[133,29],"name":"sand"},{"loc":[133,30],"name":"sand"},{"loc":[133,31],"name":"sand"},{"loc":[133,32],"name":"sand"},{"loc":[133,33],"name":"sand"},{"loc":[133,34],"name":"sand"},{"loc":[133,35],"name":"sand"},{"loc":[133,36],"name":"sand"},{"loc":[133,37],"name":"sand"},{"loc":[133,38],"name":"sand"},{"loc":[133,39],"name":"sand"},{"loc":[134,22],"name":"lava"},{"loc":[134,23],"name":"lava"},{"loc":[134,24],"name":"lava"},{"loc":[134,25],"name":"lava"},{"loc":[134,26],"name":"lava"},{"loc":[134,27],"name":"glass"},{"loc":[134,28],"name":"glass"},{"loc":[134,29],"name":"sand"},{"loc":[134,30],"name":"sand"},{"loc":[134,31],"name":"sand"},{"loc":[134,32],"name":"sand"},{"loc":[134,33],"name":"sand"},{"loc":[134,34],"name":"sand"},{"loc":[134,35],"name":"sand"},{"loc":[134,36],"name":"sand"},{"loc":[134,37],"name":"sand"},{"loc":[134,38],"name":"sand"},{"loc":[134,39],"name":"sand"},{"loc":[135,18],"name":"fire"},{"loc":[135,21],"name":"lava"},{"loc":[135,22],"name":"lava"},{"loc":[135,23],"name":"lava"},{"loc":[135,24],"name":"lava"},{"loc":[135,25],"name":"lava"},{"loc":[135,26],"name":"lava"},{"loc":[135,27],"name":"lava"},{"loc":[135,28],"name":"glass"},{"loc":[135,29],"name":"glass"},{"loc":[135,30],"name":"sand"},{"loc":[135,31],"name":"sand"},{"loc":[135,32],"name":"sand"},{"loc":[135,33],"name":"sand"},{"loc":[135,34],"name":"sand"},{"loc":[135,35],"name":"sand"},{"loc":[135,36],"name":"sand"},{"loc":[135,37],"name":"sand"},{"loc":[135,38],"name":"sand"},{"loc":[135,39],"name":"sand"},{"loc":[136,23],"name":"lava"},{"loc":[136,24],"name":"lava"},{"loc":[136,25],"name":"lava"},{"loc":[136,26],"name":"lava"},{"loc":[136,27],"name":"lava"},{"loc":[136,28],"name":"lava"},{"loc":[136,29],"name":"glass"},{"loc":[136,30],"name":"glass"},{"loc":[136,31],"name":"sand"},{"loc":[136,32],"name":"sand"},{"loc":[136,33],"name":"sand"},{"loc":[136,34],"name":"sand"},{"loc":[136,35],"name":"sand"},{"loc":[136,36],"name":"sand"},{"loc":[136,37],"name":"sand"},{"loc":[136,38],"name":"sand"},{"loc":[136,39],"name":"sand"},{"loc":[137,23],"name":"lava"},{"loc":[137,25],"name":"lava"},{"loc":[137,26],"name":"lava"},{"loc":[137,27],"name":"lava"},{"loc":[137,28],"name":"lava"},{"loc":[137,29],"name":"lava"},{"loc":[137,30],"name":"glass"},{"loc":[137,31],"name":"glass"},{"loc":[137,32],"name":"sand"},{"loc":[137,33],"name":"sand"},{"loc":[137,34],"name":"sand"},{"loc":[137,35],"name":"sand"},{"loc":[137,36],"name":"sand"},{"loc":[137,37],"name":"sand"},{"loc":[137,38],"name":"sand"},{"loc":[137,39],"name":"sand"},{"loc":[138,24],"name":"lava"},{"loc":[138,25],"name":"lava"},{"loc":[138,26],"name":"lava"},{"loc":[138,27],"name":"lava"},{"loc":[138,28],"name":"lava"},{"loc":[138,29],"name":"lava"},{"loc":[138,30],"name":"lava"},{"loc":[138,31],"name":"glass"},{"loc":[138,32],"name":"glass"},{"loc":[138,33],"name":"sand"},{"loc":[138,34],"name":"sand"},{"loc":[138,35],"name":"sand"},{"loc":[138,36],"name":"sand"},{"loc":[138,37],"name":"sand"},{"loc":[138,38],"name":"sand"},{"loc":[138,39],"name":"sand"},{"loc":[139,20],"name":"fire"},{"loc":[139,26],"name":"lava"},{"loc":[139,27],"name":"lava"},{"loc":[139,28],"name":"lava"},{"loc":[139,29],"name":"lava"},{"loc":[139,30],"name":"lava"},{"loc":[139,31],"name":"lava"},{"loc":[139,32],"name":"glass"},{"loc":[139,33],"name":"glass"},{"loc":[139,34],"name":"sand"},{"loc":[139,35],"name":"sand"},{"loc":[139,36],"name":"sand"},{"loc":[139,37],"name":"sand"},{"loc":[139,38],"name":"sand"},{"loc":[139,39],"name":"sand"},{"loc":[140,24],"name":"lava"},{"loc":[140,26],"name":"lava"},{"loc":[140,27],"name":"lava"},{"loc":[140,28],"name":"lava"},{"loc":[140,29],"name":"lava"},{"loc":[140,30],"name":"lava"},{"loc":[140,31],"name":"lava"},{"loc":[140,32],"name":"lava"},{"loc":[140,33],"name":"glass"},{"loc":[140,34],"name":"glass"},{"loc":[140,35],"name":"sand"},{"loc":[140,36],"name":"sand"},{"loc":[140,37],"name":"sand"},{"loc":[140,38],"name":"sand"},{"loc":[140,39],"name":"sand"},{"loc":[141,19],"name":"fire"},{"loc":[141,26],"name":"lava"},{"loc":[141,27],"name":"fire"},{"loc":[141,28],"name":"lava"},{"loc":[141,29],"name":"lava"},{"loc":[141,30],"name":"lava"},{"loc":[141,31],"name":"lava"},{"loc":[141,32],"name":"lava"},{"loc":[141,33],"name":"lava"},{"loc":[141,34],"name":"glass"},{"loc":[141,35],"name":"sand"},{"loc":[141,36],"name":"sand"},{"loc":[141,37],"name":"sand"},{"loc":[141,38],"name":"sand"},{"loc":[141,39],"name":"sand"},{"loc":[142,25],"name":"lava"},{"loc":[142,27],"name":"lava"},{"loc":[142,28],"name":"lava"},{"loc":[142,29],"name":"lava"},{"loc":[142,30],"name":"lava"},{"loc":[142,31],"name":"lava"},{"loc":[142,32],"name":"lava"},{"loc":[142,33],"name":"lava"},{"loc":[142,34],"name":"lava"},{"loc":[142,35],"name":"glass"},{"loc":[142,36],"name":"sand"},{"loc":[142,37],"name":"sand"},{"loc":[142,38],"name":"sand"},{"loc":[142,39],"name":"sand"},{"loc":[143,27],"name":"lava"},{"loc":[143,28],"name":"lava"},{"loc":[143,29],"name":"lava"},{"loc":[143,30],"name":"lava"},{"loc":[143,31],"name":"lava"},{"loc":[143,32],"name":"lava"},{"loc":[143,33],"name":"lava"},{"loc":[143,34],"name":"lava"},{"loc":[143,35],"name":"lava"},{"loc":[143,36],"name":"glass"},{"loc":[143,37],"name":"sand"},{"loc":[143,38],"name":"sand"},{"loc":[143,39],"name":"sand"},{"loc":[144,27],"name":"lava"},{"loc":[144,28],"name":"fire"},{"loc":[144,29],"name":"lava"},{"loc":[144,30],"name":"lava"},{"loc":[144,31],"name":"lava"},{"loc":[144,32],"name":"lava"},{"loc":[144,33],"name":"lava"},{"loc":[144,34],"name":"lava"},{"loc":[144,35],"name":"lava"},{"loc":[144,36],"name":"glass"},{"loc":[144,37],"name":"glass"},{"loc":[144,38],"name":"sand"},{"loc":[144,39],"name":"sand"},{"loc":[145,22],"name":"fire"},{"loc":[145,28],"name":"lava"},{"loc":[145,30],"name":"lava"},{"loc":[145,31],"name":"lava"},{"loc":[145,32],"name":"lava"},{"loc":[145,33],"name":"lava"},{"loc":[145,34],"name":"lava"},{"loc":[145,35],"name":"lava"},{"loc":[145,36],"name":"lava"},{"loc":[145,37],"name":"glass"},{"loc":[145,38],"name":"glass"},{"loc":[145,39],"name":"sand"},{"loc":[146,29],"name":"lava"},{"loc":[146,30],"name":"fire"},{"loc":[146,31],"name":"lava"},{"loc":[146,32],"name":"lava"},{"loc":[146,33],"name":"lava"},{"loc":[146,34],"name":"lava"},{"loc":[146,35],"name":"lava"},{"loc":[146,36],"name":"lava"},{"loc":[146,37],"name":"lava"},{"loc":[146,38],"name":"glass"},{"loc":[146,39],"name":"glass"},{"loc":[147,22],"name":"fire"},{"loc":[147,30],"name":"lava"},{"loc":[147,31],"name":"lava"},{"loc":[147,32],"name":"lava"},{"loc":[147,33],"name":"lava"},{"loc":[147,34],"name":"lava"},{"loc":[147,35],"name":"lava"},{"loc":[147,36],"name":"lava"},{"loc":[147,37],"name":"lava"},{"loc":[147,38],"name":"lava"},{"loc":[147,39],"name":"glass"},{"loc":[148,30],"name":"lava"},{"loc":[148,31],"name":"lava"},{"loc":[148,32],"name":"lava"},{"loc":[148,33],"name":"lava"},{"loc":[148,34],"name":"lava"},{"loc":[148,35],"name":"lava"},{"loc":[148,36],"name":"lava"},{"loc":[148,37],"name":"lava"},{"loc":[148,38],"name":"lava"},{"loc":[148,39],"name":"lava"},{"loc":[149,24],"name":"fire"},{"loc":[149,30],"name":"lava"},{"loc":[149,32],"name":"lava"},{"loc":[149,33],"name":"lava"},{"loc":[149,34],"name":"lava"},{"loc":[149,35],"name":"lava"},{"loc":[149,36],"name":"lava"},{"loc":[149,37],"name":"lava"},{"loc":[149,38],"name":"lava"},{"loc":[149,39],"name":"lava"},{"loc":[150,29],"name":"lava"},{"loc":[150,32],"name":"lava"},{"loc":[150,33],"name":"lava"},{"loc":[150,34],"name":"lava"},{"loc":[150,35],"name":"lava"},{"loc":[150,36],"name":"lava"},{"loc":[150,37],"name":"lava"},{"loc":[150,38],"name":"lava"},{"loc":[150,39],"name":"lava"},{"loc":[151,32],"name":"lava"},{"loc":[151,33],"name":"lava"},{"loc":[151,34],"name":"lava"},{"loc":[151,35],"name":"lava"},{"loc":[151,36],"name":"lava"},{"loc":[151,37],"name":"lava"},{"loc":[151,38],"name":"lava"},{"loc":[151,39],"name":"lava"},{"loc":[152,32],"name":"lava"},{"loc":[152,33],"name":"lava"},{"loc":[152,34],"name":"lava"},{"loc":[152,35],"name":"lava"},{"loc":[152,36],"name":"lava"},{"loc":[152,37],"name":"lava"},{"loc":[152,38],"name":"lava"},{"loc":[152,39],"name":"lava"},{"loc":[153,32],"name":"fire"},{"loc":[153,33],"name":"lava"},{"loc":[153,34],"name":"lava"},{"loc":[153,35],"name":"lava"},{"loc":[153,36],"name":"lava"},{"loc":[153,37],"name":"lava"},{"loc":[153,38],"name":"lava"},{"loc":[153,39],"name":"lava"},{"loc":[154,33],"name":"lava"},{"loc":[154,35],"name":"lava"},{"loc":[154,36],"name":"lava"},{"loc":[154,37],"name":"lava"},{"loc":[154,38],"name":"lava"},{"loc":[154,39],"name":"lava"},{"loc":[155,33],"name":"lava"},{"loc":[155,34],"name":"lava"},{"loc":[155,35],"name":"lava"},{"loc":[155,36],"name":"lava"},{"loc":[155,37],"name":"lava"},{"loc":[155,38],"name":"lava"},{"loc":[155,39],"name":"lava"},{"loc":[156,27],"name":"fire"},{"loc":[156,35],"name":"lava"},{"loc":[156,36],"name":"lava"},{"loc":[156,37],"name":"lava"},{"loc":[156,38],"name":"lava"},{"loc":[156,39],"name":"lava"},{"loc":[157,34],"name":"lava"},{"loc":[157,35],"name":"lava"},{"loc":[157,36],"name":"lava"},{"loc":[157,37],"name":"lava"},{"loc":[157,38],"name":"lava"},{"loc":[157,39],"name":"lava"},{"loc":[158,23],"name":"fire"},{"loc":[158,35],"name":"lava"},{"loc":[158,36],"name":"lava"},{"loc":[158,37],"name":"lava"},{"loc":[158,38],"name":"lava"},{"loc":[158,39],"name":"lava"},{"loc":[159,35],"name":"lava"},{"loc":[159,36],"name":"lava"},{"loc":[159,37],"name":"lava"},{"loc":[159,38],"name":"lava"},{"loc":[159,39],"name":"lava"},{"loc":[160,35],"name":"lava"},{"loc":[160,36],"name":"lava"},{"loc":[160,37],"name":"lava"},{"loc":[160,38],"name":"lava"},{"loc":[160,39],"name":"lava"}]}